{"cameraMode":{"drawMode":0,"name":"Shaded","section":"Shading Mode"},"sceneLighting":true,"audioPlay":false,"sceneViewState":{"showFog":true,"showMaterialUpdate":true,"showSkybox":true,"showFlares":true,"showImageEffects":true,"showParticleSystems":true},"in2DMode":false,"pivot":{"x":0.8969259262084961,"y":-2.219050407409668,"z":-7.5877580642700199},"rotation":{"x":-0.1272752285003662,"y":-0.8530098795890808,"z":0.24519279599189759,"w":-0.44278159737586977},"size":15.984707832336426,"orthographic":false}